Component,Individual_Variance,Cumulative_Variance
PC1,0.3620503664190607,0.3620503664190607
PC2,0.14730546502741024,0.5093558314464709
PC3,0.1252569836790504,0.6346128151255213
