Component,Individual_Variance,Cumulative_Variance
PC1,0.2260705537423379,0.2260705537423379
PC2,0.14571196333274813,0.371782517075086
PC3,0.09427970357795284,0.4660622206530389
